{
  "tiers": [
    {
      "trades": [
        {
          "wants": [
            {
              "item": "minecraft:coal",
              "quantity": 24
            }
          ],
          "gives": [
            {
              "item": "null:null",
              "quantity": 1
            }
          ]
        },
        {
          "wants": [
            {
              "item": "minecraft:coal",
              "quantity": 42
            }
          ],
          "gives": [
            {
              "item": "null:null",
              "quantity": 1
            }
          ]
        },
        {
          "wants": [
            {
              "item": "minecraft:coal",
              "quantity": 33
            }
          ],
          "gives": [
            {
              "item": "null:null",
              "quantity": 1
            }
          ]
        },
        {
          "wants": [
            {
              "item": "minecraft:coal",
              "quantity": 15
            }
          ],
          "gives": [
            {
              "item": "null:null",
              "quantity": 1
            }
          ]
        }
      ]
    }
  ]
}