{
  "format_version": "1.16.100",
  "minecraft:item": {
    "description": {
      "identifier": "lucky:the_sizeable_slimy_scimitar",
      "category": "equipment"
    },
    "components": {
      "minecraft:foil": false,
      "minecraft:max_stack_size": 1,
      "minecraft:enchantable": {
        "value": 9,
        "slot": "sword"
      },
      "minecraft:durability": {
        "max_durability": 2000
      },
      "minecraft:allow_off_hand": true,
      "minecraft:hand_equipped": true,
      "minecraft:creative_category": {
        "parent": "itemGroup.name.sword"
      },
      "minecraft:can_destroy_in_creative": false,
      "minecraft:icon": {
        "texture": "the_sizeable_slimy_scimitar"
      },
      "minecraft:repairable": {
        "repair_items": [
          {
            "items": [
              "lucky:the_sizeable_slimy_scimitar"
            ],
            "repair_amount": 2000
          }
        ]
      },
      "minecraft:digger": {
        "use_efficiency": true,
        "destroy_speeds": [
          {
            "block": "minecraft:web",
            "speed": 25
          },
          {
            "block": "minecraft:bamboo",
            "speed": 15
          }
        ]
      },
      "minecraft:render_offsets": {
        "main_hand": {
          "first_person": {
            "rotation": [
              0.0,
              -20.0, //inclinacion hacia atras o adelante
              95     //dejalo asi joer
            ],
            "position": [ 
              1.5, //lados
              -1, //altura 
              -5 //profundidad 
            ],
            "scale": [
              0.15,
              0.15,
              0.15
            ]
          },
          "third_person": {
            "position": [ 
              1.28, //profundidad o lados
              3.99, //altura
              -1.58    //lados
            ],
            "scale": [
              0.15,
              0.15,
              0.15
            ]
          }
        }
      },
      "minecraft:display_name": {},
      "minecraft:damage": 8,
      "minecraft:weapon": {
        "on_hurt_entity": {
          "event": "weapon"
        }
      }
    },
    "events": {
      "weapon": {
        "sequence": [
          {
            "damage": {
              "type": "durability",
              "amount": 1,
              "target": "self"
            }
          },
          {
            "randomize": [
              {
                "weight": 60,
                "run_command": {
                  "command": [
                    "effect @e[type=!player,type=!item,family=!inanimate,type=!entity:temporaly_wolf,type=!arrow,type=!arrow,type=!snowball,c=1,r=6] levitation 1 7 true"
                  ]
                }
              },
              {
                "weight": 100,
                "damage": {
                  "type": "none",
                  "amount": 1,
                  "target": "self"
                }
              }
            ]
          }
        ]
      }
    }
  }
}