{
  "format_version": "1.10.0",
  "minecraft:client_entity": {
    "description": {
      "identifier": "lucky:fireball_spawn",
      "materials": {
        "default": "null"
      },
      "textures": {
        "default": "textures/null"
      },
      "geometry": {
        "default": "geometry.null"
      },
      "render_controllers": [
        "controller.render.null"
      ],
      "enable_attachables": true,
      "spawn_egg": {
        "base_color": "#2d0404",
        "overlay_color": "#b65303"
      }
    }
  }
}